id;title;content;last_edit
1;invoice Tanzanian;../fake-data/blob/hipster.txt;2024-03-05T06:42:52
2;24/7;../fake-data/blob/hipster.txt;2024-03-05T10:47:34
3;Palau transparent;../fake-data/blob/hipster.txt;2024-03-05T00:29:54
4;Serbia Salvador Maine;../fake-data/blob/hipster.txt;2024-03-05T14:39:11
5;Automotive Investor optical;../fake-data/blob/hipster.txt;2024-03-05T02:37:59
6;grey;../fake-data/blob/hipster.txt;2024-03-05T10:51:56
7;Metal program fault-tolerant;../fake-data/blob/hipster.txt;2024-03-05T14:35:34
8;program white invoice;../fake-data/blob/hipster.txt;2024-03-05T12:42:31
9;Technician sensor;../fake-data/blob/hipster.txt;2024-03-05T04:11:14
10;Operations clear-thinking;../fake-data/blob/hipster.txt;2024-03-05T11:15:16
